{"cameraMode":{"drawMode":0,"name":"Shaded","section":"Shading Mode"},"sceneLighting":true,"audioPlay":false,"sceneViewState":{"showFog":true,"showMaterialUpdate":false,"showSkybox":true,"showFlares":true,"showImageEffects":true,"showParticleSystems":true},"in2DMode":false,"pivot":{"x":-6.989999771118164,"y":-2.440000057220459,"z":0.0},"rotation":{"x":-0.10021322965621948,"y":0.09149980545043946,"z":-0.009255517274141312,"w":-0.9907065629959106},"size":26.929738998413087,"orthographic":false}